{
  "files": [
    {
      "filepath": "test/stress.bench.ts",
      "groups": [
        {
          "fullName": "test/stress.bench.ts > Boot",
          "benchmarks": [
            {
              "id": "-71523718_0_0",
              "name": "Tractor.boot() — zero-latency adapters",
              "rank": 2,
              "rme": 3.072150414905313,
              "samples": [],
              "totalTime": 500.38155599996026,
              "min": 0.24717299999974784,
              "max": 3.8938649999981862,
              "hz": 2274.264481483187,
              "period": 0.43970259753950813,
              "mean": 0.43970259753950813,
              "variance": 0.05405465904563114,
              "sd": 0.23249657856758052,
              "sem": 0.006892002640132367,
              "df": 1137,
              "critical": 1.96,
              "moe": 0.013508325174659438,
              "p75": 0.44442699999854085,
              "p99": 1.6434520000002522,
              "p995": 1.8512329999975918,
              "p999": 3.2754669999994803,
              "sampleCount": 1138,
              "median": 0.39916449999873294
            },
            {
              "id": "-71523718_0_1",
              "name": "Tractor.boot() — 10ms schema latency",
              "rank": 3,
              "rme": 1.211223102585118,
              "samples": [],
              "totalTime": 508.3915039999956,
              "min": 9.846070999999938,
              "max": 12.177405000002182,
              "hz": 90.48144911564138,
              "period": 11.05198921739121,
              "mean": 11.05198921739121,
              "variance": 0.20301911371995662,
              "sd": 0.4505764238394599,
              "sem": 0.066433869328168,
              "df": 45,
              "critical": 2.015,
              "moe": 0.13386424669625852,
              "p75": 11.224582000002556,
              "p99": 12.177405000002182,
              "p995": 12.177405000002182,
              "p999": 12.177405000002182,
              "sampleCount": 46,
              "median": 11.013662499999555
            },
            {
              "id": "-71523718_0_2",
              "name": "Tractor.boot() — with sync adapter",
              "rank": 1,
              "rme": 3.220682933298529,
              "samples": [],
              "totalTime": 500.01136600002064,
              "min": 0.2071700000014971,
              "max": 2.3452849999994214,
              "hz": 3291.9251679569456,
              "period": 0.3037736123936942,
              "mean": 0.3037736123936942,
              "variance": 0.04101226203115323,
              "sd": 0.20251484397730757,
              "sem": 0.0049916249439939464,
              "df": 1645,
              "critical": 1.96,
              "moe": 0.009783584890228136,
              "p75": 0.29331100000126753,
              "p99": 1.5575170000010985,
              "p995": 1.7599589999990712,
              "p999": 2.0837510000019392,
              "sampleCount": 1646,
              "median": 0.2622989999999845
            }
          ]
        },
        {
          "fullName": "test/stress.bench.ts > Plugin Loading",
          "benchmarks": [
            {
              "id": "-71523718_1_0",
              "name": "Load 1 plugin",
              "rank": 1,
              "rme": 3.5791150030784613,
              "samples": [],
              "totalTime": 500.2052660000154,
              "min": 0.2531969999981811,
              "max": 2.8759250000002794,
              "hz": 2798.8509821085268,
              "period": 0.3572894757142967,
              "mean": 0.3572894757142967,
              "variance": 0.05959470127208173,
              "sd": 0.2441202598558377,
              "sem": 0.006524388382505494,
              "df": 1399,
              "critical": 1.96,
              "moe": 0.01278780122971077,
              "p75": 0.3427750000009837,
              "p99": 1.751682999998593,
              "p995": 2.009888000000501,
              "p999": 2.8482919999987644,
              "sampleCount": 1400,
              "median": 0.3090429999974731
            },
            {
              "id": "-71523718_1_1",
              "name": "Load 10 plugins sequentially",
              "rank": 2,
              "rme": 3.155951421009942,
              "samples": [],
              "totalTime": 503.75257899998905,
              "min": 2.7488290000001143,
              "max": 5.87360599999738,
              "hz": 267.98870244593417,
              "period": 3.731500585185104,
              "mean": 3.731500585185104,
              "variance": 0.4873593170350736,
              "sd": 0.6981112497554195,
              "sem": 0.06008384986895081,
              "df": 134,
              "critical": 1.96,
              "moe": 0.11776434574314358,
              "p75": 4.14064800000051,
              "p99": 5.680990999997448,
              "p995": 5.87360599999738,
              "p999": 5.87360599999738,
              "sampleCount": 135,
              "median": 3.4588299999995797
            },
            {
              "id": "-71523718_1_2",
              "name": "Load 50 plugins concurrently",
              "rank": 3,
              "rme": 3.1595133760412204,
              "samples": [],
              "totalTime": 512.5588870000138,
              "min": 13.206818000002386,
              "max": 20.519569000000047,
              "hz": 68.2848368991387,
              "period": 14.644539628571822,
              "mean": 14.644539628571822,
              "variance": 1.8118774574814869,
              "sd": 1.3460599754399827,
              "sem": 0.22752566307257277,
              "df": 34,
              "critical": 2.0336,
              "moe": 0.4626961884243839,
              "p75": 15.252477999998518,
              "p99": 20.519569000000047,
              "p995": 20.519569000000047,
              "p999": 20.519569000000047,
              "sampleCount": 35,
              "median": 14.260780999997223
            },
            {
              "id": "-71523718_1_3",
              "name": "Load 100 plugins concurrently",
              "rank": 4,
              "rme": 2.7191356449124333,
              "samples": [],
              "totalTime": 524.5666329999949,
              "min": 25.41279100000247,
              "max": 31.8074549999983,
              "hz": 34.314039185180455,
              "period": 29.14259072222194,
              "mean": 29.14259072222194,
              "variance": 2.5387834283401243,
              "sd": 1.5933560268628366,
              "sem": 0.3755576171463889,
              "df": 17,
              "critical": 2.11,
              "moe": 0.7924265721788806,
              "p75": 30.399982999999338,
              "p99": 31.8074549999983,
              "p995": 31.8074549999983,
              "p999": 31.8074549999983,
              "sampleCount": 18,
              "median": 29.241377999998804
            }
          ]
        },
        {
          "fullName": "test/stress.bench.ts > Storage Throughput",
          "benchmarks": [
            {
              "id": "-71523718_2_0",
              "name": "storeNode() x1",
              "rank": 1,
              "rme": 4.025019365772824,
              "samples": [],
              "totalTime": 500.2394849999546,
              "min": 0.205126000000746,
              "max": 3.088951999998244,
              "hz": 3216.4594124355176,
              "period": 0.3109008607830669,
              "mean": 0.3109008607830669,
              "variance": 0.06558789591903838,
              "sd": 0.25610133915901023,
              "sem": 0.006384601966771862,
              "df": 1608,
              "critical": 1.96,
              "moe": 0.01251381985487285,
              "p75": 0.2946860000010929,
              "p99": 1.91102200000023,
              "p995": 2.345765999998548,
              "p999": 2.739504000001034,
              "sampleCount": 1609,
              "median": 0.2612669999980426
            },
            {
              "id": "-71523718_2_1",