{
  "files": [
    {
      "filepath": "test/stress.bench.ts",
      "groups": [
        {
          "fullName": "test/stress.bench.ts > Boot",
          "benchmarks": [
            {
              "id": "-71523718_0_0",
              "name": "Tractor.boot() — zero-latency adapters",
              "rank": 2,
              "rme": 2.8078811333943356,
              "samples": [],
              "totalTime": 500.23296300006405,
              "min": 0.1702289999993809,
              "max": 4.52926700000171,
              "hz": 3320.452914654861,
              "period": 0.30116373449732936,
              "mean": 0.30116373449732936,
              "variance": 0.030918632337359954,
              "sd": 0.17583694815754725,
              "sem": 0.004314448817130776,
              "df": 1660,
              "critical": 1.96,
              "moe": 0.00845631968157632,
              "p75": 0.3064279999998689,
              "p99": 1.1425940000008268,
              "p995": 1.5084370000004128,
              "p999": 2.815865999997186,
              "sampleCount": 1661,
              "median": 0.26867200000197045
            },
            {
              "id": "-71523718_0_1",
              "name": "Tractor.boot() — 10ms schema latency",
              "rank": 3,
              "rme": 0.9292170390441645,
              "samples": [],
              "totalTime": 501.9028600000129,
              "min": 9.772817000000941,
              "max": 11.429557999999815,
              "hz": 91.65120119060254,
              "period": 10.910931739130715,
              "mean": 10.910931739130715,
              "variance": 0.11645703746278792,
              "sd": 0.34125802182921344,
              "sem": 0.050315750292049814,
              "df": 45,
              "critical": 2.015,
              "moe": 0.10138623683848039,
              "p75": 11.138366999999562,
              "p99": 11.429557999999815,
              "p995": 11.429557999999815,
              "p999": 11.429557999999815,
              "sampleCount": 46,
              "median": 10.902545000000828
            },
            {
              "id": "-71523718_0_2",
              "name": "Tractor.boot() — with sync adapter",
              "rank": 1,
              "rme": 1.9510807883608983,
              "samples": [],
              "totalTime": 500.17636799994216,
              "min": 0.14635199999975157,
              "max": 1.5765780000001541,
              "hz": 4024.580385613566,
              "period": 0.24847310879281775,
              "mean": 0.24847310879281775,
              "variance": 0.012315184562762453,
              "sd": 0.1109738012449896,
              "sem": 0.0024734240254590516,
              "df": 2012,
              "critical": 1.96,
              "moe": 0.004847911089899741,
              "p75": 0.25036700000055134,
              "p99": 0.9384079999981623,
              "p995": 1.200582999998005,
              "p999": 1.5133569999998144,
              "sampleCount": 2013,
              "median": 0.231141000000207
            }
          ]
        },
        {
          "fullName": "test/stress.bench.ts > Plugin Loading",
          "benchmarks": [
            {
              "id": "-71523718_1_0",
              "name": "Load 1 plugin",
              "rank": 1,
              "rme": 3.235225233046536,
              "samples": [],
              "totalTime": 500.0171270001083,
              "min": 0.06982000000061817,
              "max": 2.3551490000027115,
              "hz": 9081.688915825911,
              "period": 0.11011167738386,
              "mean": 0.11011167738386,
              "variance": 0.015000825482973587,
              "sd": 0.12247785711292301,
              "sem": 0.0018175310057415483,
              "df": 4540,
              "critical": 1.96,
              "moe": 0.003562360771253435,
              "p75": 0.10571299999719486,
              "p99": 0.281394999998156,
              "p995": 1.306682999998884,
              "p999": 1.8807699999997567,
              "sampleCount": 4541,
              "median": 0.09211200000208919
            },
            {
              "id": "-71523718_1_1",
              "name": "Load 10 plugins sequentially",
              "rank": 2,
              "rme": 3.104287683091533,
              "samples": [],
              "totalTime": 502.18555000009655,
              "min": 0.6861200000021199,
              "max": 2.6934740000033344,
              "hz": 1067.3345738440642,
              "period": 0.936913339552419,
              "mean": 0.936913339552419,
              "variance": 0.11802538213165002,
              "sd": 0.3435482238807967,
              "sem": 0.014839023163758824,
              "df": 535,
              "critical": 1.96,
              "moe": 0.029084485400967294,
              "p75": 0.9229169999998703,
              "p99": 2.4531710000010207,
              "p995": 2.5578929999974207,
              "p999": 2.6934740000033344,
              "sampleCount": 536,
              "median": 0.8425274999990506
            },
            {
              "id": "-71523718_1_2",
              "name": "Load 50 plugins concurrently",
              "rank": 3,
              "rme": 2.466545682150132,
              "samples": [],
              "totalTime": 502.4727729999795,
              "min": 2.8051530000011553,
              "max": 5.238077999998495,
              "hz": 280.6122193609996,
              "period": 3.563636687943117,
              "mean": 3.563636687943117,
              "variance": 0.2835777414982314,
              "sd": 0.5325201794281897,
              "sem": 0.04484628921121374,
              "df": 140,
              "critical": 1.96,
              "moe": 0.08789872685397893,
              "p75": 3.8998109999993176,
              "p99": 4.956695999997464,
              "p995": 5.238077999998495,
              "p999": 5.238077999998495,
              "sampleCount": 141,
              "median": 3.4049809999996796
            },
            {
              "id": "-71523718_1_3",
              "name": "Load 100 plugins concurrently",
              "rank": 4,
              "rme": 5.307550528827159,
              "samples": [],
              "totalTime": 502.2877299999891,
              "min": 5.9020500000005995,
              "max": 13.677232000001823,
              "hz": 121.44433629704895,
              "period": 8.234225081967034,
              "mean": 8.234225081967034,
              "variance": 2.9127525221509183,
              "sd": 1.7066787987641137,
              "sem": 0.21851782844137996,
              "df": 60,
              "critical": 2,
              "moe": 0.4370356568827599,
              "p75": 8.8880390000013,
              "p99": 13.677232000001823,
              "p995": 13.677232000001823,
              "p999": 13.677232000001823,
              "sampleCount": 61,
              "median": 7.638701000003493
            }
          ]
        },
        {
          "fullName": "test/stress.bench.ts > Storage Throughput",
          "benchmarks": [
            {
              "id": "-71523718_2_0",
              "name": "storeNode() x1",
              "rank": 1,
              "rme": 3.1170375602037623,
              "samples": [],
              "totalTime": 500.1628530000635,
              "min": 0.15294899999935296,
              "max": 2.5552820000011707,
              "hz": 4158.645504206879,
              "period": 0.24046291009618437,
              "mean": 0.24046291009618437,
              "variance": 0.030418056389275732,
              "sd": 0.17440773030251763,
              "sem": 0.0038241424622740164,
              "df": 2079,
              "critical": 1.96,
              "moe": 0.007495319226057072,
              "p75": 0.24475499999971362,
              "p99": 1.4064289999987523,
              "p995": 1.6227820000021893,
              "p999": 1.9258540000009816,
              "sampleCount": 2080,
              "median": 0.20064850000017032
            },
            {
              "id": "-71523718_2_1",