{
  "files": [
    {
      "filepath": "test/stress.bench.ts",
      "groups": [
        {
          "fullName": "test/stress.bench.ts > Boot",
          "benchmarks": [
            {
              "id": "-71523718_0_0",
              "name": "Tractor.boot() — zero-latency adapters",
              "rank": 1,
              "rme": 3.068695539228169,
              "samples": [],
              "totalTime": 500.00130500047817,
              "min": 0.0012669999996433035,
              "max": 7.38973999999871,
              "hz": 502152.68938100047,
              "period": 0.001991426156121342,
              "mean": 0.001991426156121342,
              "variance": 0.0002440792196729945,
              "sd": 0.015623034905964797,
              "sem": 0.000031178982459142156,
              "df": 251076,
              "critical": 1.96,
              "moe": 0.00006111080561991862,
              "p75": 0.00174200000037672,
              "p99": 0.006181000000651693,
              "p995": 0.014790999997785548,
              "p999": 0.07730199999787146,
              "sampleCount": 251077,
              "median": 0.0016020000002754387
            },
            {
              "id": "-71523718_0_1",
              "name": "Tractor.boot() — 10ms schema latency",
              "rank": 3,
              "rme": 0.10660118881460998,
              "samples": [],
              "totalTime": 507.43505299999015,
              "min": 10.0985299999993,
              "max": 10.245331999998598,
              "hz": 98.53477741515222,
              "period": 10.148701059999803,
              "mean": 10.148701059999803,
              "variance": 0.0014482264771926657,
              "sd": 0.038055570908773206,
              "sem": 0.005381870450303808,
              "df": 49,
              "critical": 2.0102,
              "moe": 0.010818635979200715,
              "p75": 10.170534999997471,
              "p99": 10.245331999998598,
              "p995": 10.245331999998598,
              "p999": 10.245331999998598,
              "sampleCount": 50,
              "median": 10.141632500000924
            },
            {
              "id": "-71523718_0_2",
              "name": "Tractor.boot() — with sync adapter",
              "rank": 2,
              "rme": 0.8883829255289943,
              "samples": [],
              "totalTime": 500.01160499871185,
              "min": 0.0013360000011743978,
              "max": 0.5282270000025164,
              "hz": 474964.9760641292,
              "period": 0.002105418400082159,
              "mean": 0.002105418400082159,
              "variance": 0.00002162752194916982,
              "sd": 0.004650539963183826,
              "sem": 0.000009542947743507976,
              "df": 237487,
              "critical": 1.96,
              "moe": 0.00001870417757727563,
              "p75": 0.0020309999999881256,
              "p99": 0.006574999999429565,
              "p995": 0.011266000001342036,
              "p999": 0.022576999999728287,
              "sampleCount": 237488,
              "median": 0.0018079999972542282
            }
          ]
        },
        {
          "fullName": "test/stress.bench.ts > Plugin Loading",
          "benchmarks": [
            {
              "id": "-71523718_1_0",
              "name": "Load 1 plugin",
              "rank": 1,
              "rme": 1.3065247297943032,
              "samples": [],
              "totalTime": 500.00145200061525,
              "min": 0.0010440000005473848,
              "max": 1.308231999999407,
              "hz": 550030.4027110337,
              "period": 0.001818081318907319,
              "mean": 0.001818081318907319,
              "variance": 0.000040393147559647163,
              "sd": 0.006355560365510438,
              "sem": 0.000012119225530252324,
              "df": 275015,
              "critical": 1.96,
              "moe": 0.000023753682039294556,
              "p75": 0.0017079999997804407,
              "p99": 0.006045999998605112,
              "p995": 0.010551999999734107,
              "p999": 0.01959500000157277,
              "sampleCount": 275016,
              "median": 0.0014659999978903215
            },
            {
              "id": "-71523718_1_1",
              "name": "Load 10 plugins sequentially",
              "rank": 2,
              "rme": 1.1591922541731725,
              "samples": [],
              "totalTime": 500.0017749997751,
              "min": 0.010771999997814419,
              "max": 0.6037340000002587,
              "hz": 65365.76795155317,
              "period": 0.015298527521946428,
              "mean": 0.015298527521946428,
              "variance": 0.0002675592540360622,
              "sd": 0.016357238582232096,
              "sem": 0.00009047925818211939,
              "df": 32682,
              "critical": 1.96,
              "moe": 0.000177339346036954,
              "p75": 0.014266000001953216,
              "p99": 0.037150000000110595,
              "p995": 0.04819299999871873,
              "p999": 0.28962700000192854,
              "sampleCount": 32683,
              "median": 0.012923000002047047
            },
            {
              "id": "-71523718_1_2",
              "name": "Load 50 plugins concurrently",
              "rank": 3,
              "rme": 1.3326231721685693,
              "samples": [],
              "totalTime": 500.5753969999314,
              "min": 0.05326000000059139,
              "max": 0.7018380000008619,
              "hz": 13744.183276352558,
              "period": 0.07275805188952492,
              "mean": 0.07275805188952492,
              "variance": 0.001683655143150941,
              "sd": 0.04103236701862252,
              "sem": 0.0004946891117848166,
              "df": 6879,
              "critical": 1.96,
              "moe": 0.0009695906590982406,
              "p75": 0.07293399999980466,
              "p99": 0.32008000000132597,
              "p995": 0.39585799999986193,
              "p999": 0.5516170000009879,
              "sampleCount": 6880,
              "median": 0.0634154999988823
            },
            {
              "id": "-71523718_1_3",
              "name": "Load 100 plugins concurrently",
              "rank": 4,
              "rme": 1.5795662319802661,
              "samples": [],
              "totalTime": 500.02506400001585,
              "min": 0.10351599999921746,
              "max": 0.9361949999984063,
              "hz": 7037.647216820092,
              "period": 0.14209294231316166,
              "mean": 0.14209294231316166,
              "variance": 0.004614533681628732,
              "sd": 0.06793035905711622,
              "sem": 0.0011451286402070922,
              "df": 3518,
              "critical": 1.96,
              "moe": 0.002244452134805901,
              "p75": 0.13805100000172388,
              "p99": 0.5557880000014848,
              "p995": 0.6093480000017735,
              "p999": 0.7256769999985409,
              "sampleCount": 3519,
              "median": 0.12584100000094622
            }
          ]
        },
        {
          "fullName": "test/stress.bench.ts > Storage Throughput",
          "benchmarks": [
            {
              "id": "-71523718_2_0",
              "name": "storeNode() x1",
              "rank": 1,
              "rme": 1.0603852015822295,
              "samples": [],
              "totalTime": 500.00315900020723,
              "min": 0.004057999998622108,
              "max": 0.5406049999983225,
              "hz": 172586.90959583365,
              "period": 0.005794182202704791,
              "mean": 0.005794182202704791,
              "variance": 0.00008479691837560948,
              "sd": 0.009208524223544698,
              "sem": 0.000031347270729690236,
              "df": 86293,
              "critical": 1.96,
              "moe": 0.00006144065063019286,
              "p75": 0.005473999997775536,
              "p99": 0.018009000003075926,
              "p995": 0.020766999998159008,