{
  "files": [
    {
      "filepath": "test/stress.bench.ts",
      "groups": [
        {
          "fullName": "test/stress.bench.ts > Boot",
          "benchmarks": [
            {
              "id": "-71523718_0_0",
              "name": "Tractor.boot() — zero-latency adapters",
              "rank": 2,
              "rme": 2.9105600877699382,
              "samples": [],
              "totalTime": 500.2017690000248,
              "min": 0.22156299999915063,
              "max": 3.64788899999985,
              "hz": 2399.031899465235,
              "period": 0.41683480750002067,
              "mean": 0.41683480750002067,
              "variance": 0.04597801282551715,
              "sd": 0.21442484190391084,
              "sem": 0.006189912009708293,
              "df": 1199,
              "critical": 1.96,
              "moe": 0.012132227539028253,
              "p75": 0.4145010000029288,
              "p99": 1.4918189999989409,
              "p995": 1.559238000001642,
              "p999": 3.291489000002912,
              "sampleCount": 1200,
              "median": 0.3623025000015332
            },
            {
              "id": "-71523718_0_1",
              "name": "Tractor.boot() — 10ms schema latency",
              "rank": 3,
              "rme": 0.5822475935394015,
              "samples": [],
              "totalTime": 503.33986899999945,
              "min": 10.618108999999095,
              "max": 11.731474000000162,
              "hz": 91.38954180480395,
              "period": 10.94217106521738,
              "mean": 10.94217106521738,
              "variance": 0.04598647653255546,
              "sd": 0.21444457683176663,
              "sem": 0.0316181278948848,
              "df": 45,
              "critical": 2.015,
              "moe": 0.06371052770819288,
              "p75": 11.092163000001165,
              "p99": 11.731474000000162,
              "p995": 11.731474000000162,
              "p999": 11.731474000000162,
              "sampleCount": 46,
              "median": 10.898297499999899
            },
            {
              "id": "-71523718_0_2",
              "name": "Tractor.boot() — with sync adapter",
              "rank": 1,
              "rme": 2.8298043026616053,
              "samples": [],
              "totalTime": 502.4042460000819,
              "min": 0.2048609999983455,
              "max": 3.1145010000000184,
              "hz": 2830.390091885824,
              "period": 0.35330818987347534,
              "mean": 0.35330818987347534,
              "variance": 0.03700050642761209,
              "sd": 0.19235515700810335,
              "sem": 0.005100984876885428,
              "df": 1421,
              "critical": 1.96,
              "moe": 0.009997930358695438,
              "p75": 0.33752300000196556,
              "p99": 1.5868530000007013,
              "p995": 1.7321710000032908,
              "p999": 1.9585150000020803,
              "sampleCount": 1422,
              "median": 0.3071474999997008
            }
          ]
        },
        {
          "fullName": "test/stress.bench.ts > Plugin Loading",
          "benchmarks": [
            {
              "id": "-71523718_1_0",
              "name": "Load 1 plugin",
              "rank": 1,
              "rme": 3.6494074670431176,
              "samples": [],
              "totalTime": 500.08385599999747,
              "min": 0.33581199999753153,
              "max": 3.0624210000023595,
              "hz": 1783.7008519627245,
              "period": 0.5606321255605353,
              "mean": 0.5606321255605353,
              "variance": 0.09719711732737808,
              "sd": 0.3117645222397476,
              "sem": 0.010438648292269759,
              "df": 891,
              "critical": 1.96,
              "moe": 0.020459750652848725,
              "p75": 0.5642120000011346,
              "p99": 2.202940999999555,
              "p995": 2.464226999996754,
              "p999": 3.0624210000023595,
              "sampleCount": 892,
              "median": 0.46701650000250083
            },
            {
              "id": "-71523718_1_1",
              "name": "Load 10 plugins sequentially",
              "rank": 2,
              "rme": 3.871328377920365,
              "samples": [],
              "totalTime": 501.05358900000647,
              "min": 3.2440690000003087,
              "max": 7.565157000000909,
              "hz": 213.55001211257388,
              "period": 4.682743822429967,
              "mean": 4.682743822429967,
              "variance": 0.8944308673450476,
              "sd": 0.945743552632027,
              "sem": 0.09142848016090585,
              "df": 106,
              "critical": 1.9828,
              "moe": 0.18128439046304412,
              "p75": 5.340770999999222,
              "p99": 7.238386000000901,
              "p995": 7.565157000000909,
              "p999": 7.565157000000909,
              "sampleCount": 107,
              "median": 4.530085999998846
            },
            {
              "id": "-71523718_1_2",
              "name": "Load 50 plugins concurrently",
              "rank": 3,
              "rme": 2.5247738037718293,
              "samples": [],
              "totalTime": 517.9142810000012,
              "min": 15.441401000000042,
              "max": 20.33772499999759,
              "hz": 55.993821881115366,
              "period": 17.859113137931075,
              "mean": 17.859113137931075,
              "variance": 1.4057329389862065,
              "sd": 1.185636090453646,
              "sem": 0.22016709477170746,
              "df": 28,
              "critical": 2.048,
              "moe": 0.4509022100924569,
              "p75": 18.78608600000007,
              "p99": 20.33772499999759,
              "p995": 20.33772499999759,
              "p999": 20.33772499999759,
              "sampleCount": 29,
              "median": 17.71441500000219
            },
            {
              "id": "-71523718_1_3",
              "name": "Load 100 plugins concurrently",
              "rank": 4,
              "rme": 1.3125254537328526,
              "samples": [],
              "totalTime": 531.5211359999994,
              "min": 32.19250800000009,
              "max": 35.33251899999959,
              "hz": 30.102283646534083,
              "period": 33.22007099999996,
              "mean": 33.22007099999996,
              "variance": 0.6698378198401097,
              "sd": 0.8184362038913661,
              "sem": 0.20460905097284152,
              "df": 15,
              "critical": 2.131,
              "moe": 0.4360218876231252,
              "p75": 33.59501699999964,
              "p99": 35.33251899999959,
              "p995": 35.33251899999959,
              "p999": 35.33251899999959,
              "sampleCount": 16,
              "median": 33.11762699999781
            }
          ]
        },
        {
          "fullName": "test/stress.bench.ts > Storage Throughput",
          "benchmarks": [
            {
              "id": "-71523718_2_0",
              "name": "storeNode() x1",
              "rank": 1,
              "rme": 4.178037453932845,
              "samples": [],
              "totalTime": 500.2584809999935,
              "min": 0.2042810000020836,
              "max": 3.4520210000009683,
              "hz": 2972.4633494020054,
              "period": 0.33642130531270575,
              "mean": 0.33642130531270575,
              "variance": 0.07647341186166752,
              "sd": 0.27653826473323273,
              "sem": 0.007171330683150313,
              "df": 1486,
              "critical": 1.96,
              "moe": 0.014055808138974614,
              "p75": 0.3547400000024936,
              "p99": 2.1195540000007895,
              "p995": 2.3009409999976924,
              "p999": 2.7836200000019744,
              "sampleCount": 1487,
              "median": 0.2659160000002885
            },
            {
              "id": "-71523718_2_1",