{
  "files": [
    {
      "filepath": "test/stress.bench.ts",
      "groups": [
        {
          "fullName": "test/stress.bench.ts > Boot",
          "benchmarks": [
            {
              "id": "-71523718_0_0",
              "name": "Tractor.boot() — zero-latency adapters",
              "rank": 2,
              "rme": 3.328296485721538,
              "samples": [],
              "totalTime": 500.0163440001015,
              "min": 0.13734699999986333,
              "max": 4.682576999999583,
              "hz": 4175.863499373085,
              "period": 0.23947142911882258,
              "mean": 0.23947142911882258,
              "variance": 0.0345278690948005,
              "sd": 0.1858167621470154,
              "sem": 0.004066489367178018,
              "df": 2087,
              "critical": 1.96,
              "moe": 0.007970319159668915,
              "p75": 0.255248000001302,
              "p99": 1.2132549999987532,
              "p995": 1.52141599999959,
              "p999": 1.7744540000021516,
              "sampleCount": 2088,
              "median": 0.2021279999989929
            },
            {
              "id": "-71523718_0_1",
              "name": "Tractor.boot() — 10ms schema latency",
              "rank": 3,
              "rme": 0.6682350609505513,
              "samples": [],
              "totalTime": 509.4223100000236,
              "min": 9.854260000000068,
              "max": 11.442511000001105,
              "hz": 92.26136955014363,
              "period": 10.83877255319199,
              "mean": 10.83877255319199,
              "variance": 0.06079724608739083,
              "sd": 0.24657097576030887,
              "sem": 0.03596607328290502,
              "df": 46,
              "critical": 2.0138,
              "moe": 0.07242847837711412,
              "p75": 10.913086000000476,
              "p99": 11.442511000001105,
              "p995": 11.442511000001105,
              "p999": 11.442511000001105,
              "sampleCount": 47,
              "median": 10.810881000001245
            },
            {
              "id": "-71523718_0_2",
              "name": "Tractor.boot() — with sync adapter",
              "rank": 1,
              "rme": 2.505379310796122,
              "samples": [],
              "totalTime": 500.11392499997964,
              "min": 0.14040200000090408,
              "max": 2.2362360000006447,
              "hz": 4243.033224879884,
              "period": 0.2356804547596511,
              "mean": 0.2356804547596511,
              "variance": 0.01925871672992941,
              "sd": 0.13877577861402693,
              "sem": 0.0030125966087441395,
              "df": 2121,
              "critical": 1.96,
              "moe": 0.0059046893531385135,
              "p75": 0.22819299999900977,
              "p99": 1.132277000000613,
              "p995": 1.3255690000005416,
              "p999": 1.8746600000013132,
              "sampleCount": 2122,
              "median": 0.2124889999995503
            }
          ]
        },
        {
          "fullName": "test/stress.bench.ts > Plugin Loading",
          "benchmarks": [
            {
              "id": "-71523718_1_0",
              "name": "Load 1 plugin",
              "rank": 1,
              "rme": 2.789246780276949,
              "samples": [],
              "totalTime": 500.08032600013394,
              "min": 0.06732800000099814,
              "max": 1.8605709999974351,
              "hz": 10504.31246119167,
              "period": 0.09519899600230991,
              "mean": 0.09519899600230991,
              "variance": 0.009641261787928295,
              "sd": 0.0981899271204959,
              "sem": 0.001354762719821638,
              "df": 5252,
              "critical": 1.96,
              "moe": 0.0026553349308504107,
              "p75": 0.08948599999712314,
              "p99": 0.21295900000041001,
              "p995": 1.0842680000023392,
              "p999": 1.4824300000000221,
              "sampleCount": 5253,
              "median": 0.08124300000054063
            },
            {
              "id": "-71523718_1_1",
              "name": "Load 10 plugins sequentially",
              "rank": 2,
              "rme": 2.691824972787706,
              "samples": [],
              "totalTime": 500.57958300000246,
              "min": 0.6890289999973902,
              "max": 2.4443449999998847,
              "hz": 1142.6754494699342,
              "period": 0.8751391311188854,
              "mean": 0.8751391311188854,
              "variance": 0.08262885383943082,
              "sd": 0.2874523505547151,
              "sem": 0.01201898657045689,
              "df": 571,
              "critical": 1.96,
              "moe": 0.023557213678095504,
              "p75": 0.8393029999970167,
              "p99": 2.1644950000008976,
              "p995": 2.215468000002147,
              "p999": 2.4443449999998847,
              "sampleCount": 572,
              "median": 0.7944465000000491
            },
            {
              "id": "-71523718_1_2",
              "name": "Load 50 plugins concurrently",
              "rank": 3,
              "rme": 2.08547953695531,
              "samples": [],
              "totalTime": 501.10220499998104,
              "min": 2.7599580000023707,
              "max": 4.487820999998803,
              "hz": 295.3489298655263,
              "period": 3.3858257094593314,
              "mean": 3.3858257094593314,
              "variance": 0.19208375414311854,
              "sd": 0.43827360648699637,
              "sem": 0.03602586853456444,
              "df": 147,
              "critical": 1.96,
              "moe": 0.0706107023277463,
              "p75": 3.7563259999988077,
              "p99": 4.388576000001194,
              "p995": 4.487820999998803,
              "p999": 4.487820999998803,
              "sampleCount": 148,
              "median": 3.1938029999982973
            },
            {
              "id": "-71523718_1_3",
              "name": "Load 100 plugins concurrently",
              "rank": 4,
              "rme": 3.067665505625912,
              "samples": [],
              "totalTime": 502.8094710000114,
              "min": 5.509132999999565,
              "max": 11.097418000001198,
              "hz": 151.1506930226425,
              "period": 6.615914092105413,
              "mean": 6.615914092105413,
              "variance": 0.788519889756431,
              "sd": 0.8879864243086326,
              "sem": 0.10185902859993048,
              "df": 75,
              "critical": 1.9925,
              "moe": 0.2029541144853615,
              "p75": 6.773643999997148,
              "p99": 11.097418000001198,
              "p995": 11.097418000001198,
              "p999": 11.097418000001198,
              "sampleCount": 76,
              "median": 6.623420500000066
            }
          ]
        },
        {
          "fullName": "test/stress.bench.ts > Storage Throughput",
          "benchmarks": [
            {
              "id": "-71523718_2_0",
              "name": "storeNode() x1",
              "rank": 1,
              "rme": 3.6657280350999195,
              "samples": [],
              "totalTime": 500.01185800010717,
              "min": 0.13979100000142353,
              "max": 3.376696000002994,
              "hz": 4867.884553248891,
              "period": 0.20542804354975644,
              "mean": 0.20542804354975644,
              "variance": 0.03592926832872234,
              "sd": 0.18955017364466417,
              "sem": 0.0038420578491636195,
              "df": 2433,
              "critical": 1.96,
              "moe": 0.007530433384360694,
              "p75": 0.19683299999815063,
              "p99": 1.3870379999971192,
              "p995": 1.5654189999986556,
              "p999": 2.8400590000019292,
              "sampleCount": 2434,
              "median": 0.16898849999961385
            },
            {
              "id": "-71523718_2_1",