{
  "files": [
    {
      "filepath": "/workspaces/refarm/packages/tractor/test/stress.bench.ts",
      "groups": [
        {
          "fullName": "test/stress.bench.ts > Boot",
          "benchmarks": [
            {
              "id": "-71523718_0_0",
              "name": "Tractor.boot() — zero-latency adapters",
              "rank": 1,
              "rme": 5.179069799411348,
              "samples": [],
              "totalTime": 500.0981799998917,
              "min": 0.15092900000308873,
              "max": 10.613337999999203,
              "hz": 3559.301095637631,
              "period": 0.28095403370780436,
              "mean": 0.28095403370780436,
              "variance": 0.09810291934645725,
              "sd": 0.31321385561059917,
              "sem": 0.007423880362239221,
              "df": 1779,
              "critical": 1.96,
              "moe": 0.014550805509988874,
              "p75": 0.3276130000012927,
              "p99": 1.397315999998682,
              "p995": 1.6177680000000692,
              "p999": 3.272952000002988,
              "sampleCount": 1780,
              "median": 0.21605799999815645
            },
            {
              "id": "-71523718_0_1",
              "name": "Tractor.boot() — 10ms schema latency",
              "rank": 3,
              "rme": 0.9670035793802024,
              "samples": [],
              "totalTime": 505.72430700000405,
              "min": 9.81149699999878,
              "max": 11.87466299999869,
              "hz": 90.95864953155125,
              "period": 10.994006673913132,
              "mean": 10.994006673913132,
              "variance": 0.12804891017362632,
              "sd": 0.35783922391714734,
              "sem": 0.052760515163294455,
              "df": 45,
              "critical": 2.015,
              "moe": 0.10631243805403834,
              "p75": 11.18108199999915,
              "p99": 11.87466299999869,
              "p995": 11.87466299999869,
              "p999": 11.87466299999869,
              "sampleCount": 46,
              "median": 10.941156500000943
            },
            {
              "id": "-71523718_0_2",
              "name": "Tractor.boot() — with sync adapter",
              "rank": 2,
              "rme": 2.5666360429260466,
              "samples": [],
              "totalTime": 500.0087879999228,
              "min": 0.1565050000026531,
              "max": 2.033231999997952,
              "hz": 3419.9398911370017,
              "period": 0.29240279999995483,
              "mean": 0.29240279999995483,
              "variance": 0.025071227581977967,
              "sd": 0.15833896419383944,
              "sem": 0.0038290385996550018,
              "df": 1709,
              "critical": 1.96,
              "moe": 0.007504915655323803,
              "p75": 0.3050829999992857,
              "p99": 1.265795999999682,
              "p995": 1.5835090000000491,
              "p999": 1.932356000001164,
              "sampleCount": 1710,
              "median": 0.2537945000003674
            }
          ]
        },
        {
          "fullName": "test/stress.bench.ts > Plugin Loading",
          "benchmarks": [
            {
              "id": "-71523718_1_0",
              "name": "Load 1 plugin",
              "rank": 1,
              "rme": 3.261170281951673,
              "samples": [],
              "totalTime": 500.07930499995564,
              "min": 0.0712889999995241,
              "max": 2.390303000000131,
              "hz": 8718.617140136175,
              "period": 0.11469708830274213,
              "mean": 0.11469708830274213,
              "variance": 0.015879107352425325,
              "sd": 0.1260123301602876,
              "sem": 0.0019084017132616814,
              "df": 4359,
              "critical": 1.96,
              "moe": 0.0037404673579928952,
              "p75": 0.10940600000321865,
              "p99": 0.3189440000023751,
              "p995": 1.3756529999991471,
              "p999": 2.038781999999628,
              "sampleCount": 4360,
              "median": 0.09425249999912921
            },
            {
              "id": "-71523718_1_1",
              "name": "Load 10 plugins sequentially",
              "rank": 2,
              "rme": 3.191749196140902,
              "samples": [],
              "totalTime": 500.68378599998323,
              "min": 0.719347000002017,
              "max": 3.0836080000008224,
              "hz": 994.6397585161998,
              "period": 1.0053891285140226,
              "mean": 1.0053891285140226,
              "variance": 0.13348826395372962,
              "sd": 0.36536045756722174,
              "sem": 0.016372193585425684,
              "df": 497,
              "critical": 1.96,
              "moe": 0.03208949942743434,
              "p75": 0.9797529999996186,
              "p99": 2.719800999999279,
              "p995": 2.8199860000022454,
              "p999": 3.0836080000008224,
              "sampleCount": 498,
              "median": 0.9041045000012673
            },
            {
              "id": "-71523718_1_2",
              "name": "Load 50 plugins concurrently",
              "rank": 3,
              "rme": 2.8344181746307195,
              "samples": [],
              "totalTime": 500.6259059999975,
              "min": 2.75292300000001,
              "max": 5.855995999998413,
              "hz": 267.6649338238614,
              "period": 3.7360142238805785,
              "mean": 3.7360142238805785,
              "variance": 0.3911447863873881,
              "sd": 0.6254156908707904,
              "sem": 0.05402768682064283,
              "df": 133,
              "critical": 1.96,
              "moe": 0.10589426616845994,
              "p75": 4.004159000000072,
              "p99": 5.846503000000666,
              "p995": 5.855995999998413,
              "p999": 5.855995999998413,
              "sampleCount": 134,
              "median": 3.5934474999994563
            },
            {
              "id": "-71523718_1_3",
              "name": "Load 100 plugins concurrently",
              "rank": 4,
              "rme": 3.0634328758358484,
              "samples": [],
              "totalTime": 504.16575300001205,
              "min": 5.526900000000751,
              "max": 10.27234899999894,
              "hz": 144.7936508293499,
              "period": 6.906380178082356,
              "mean": 6.906380178082356,
              "variance": 0.8218456344601621,
              "sd": 0.9065570221779555,
              "sem": 0.1061044738744159,
              "df": 72,
              "critical": 1.994,
              "moe": 0.2115723209055853,
              "p75": 7.287602000000334,
              "p99": 10.27234899999894,
              "p995": 10.27234899999894,
              "p999": 10.27234899999894,
              "sampleCount": 73,
              "median": 6.764350000001286
            }
          ]
        },
        {
          "fullName": "test/stress.bench.ts > Storage Throughput",
          "benchmarks": [
            {
              "id": "-71523718_2_0",
              "name": "storeNode() x1",
              "rank": 1,
              "rme": 2.707787609688119,
              "samples": [],
              "totalTime": 500.3460170000435,
              "min": 0.13530199999877368,
              "max": 1.7997810000015306,
              "hz": 5278.347204270381,
              "period": 0.18945324384704412,
              "mean": 0.18945324384704412,
              "variance": 0.01809212348426622,
              "sd": 0.13450696444521457,
              "sem": 0.002617342583184938,
              "df": 2640,
              "critical": 1.96,
              "moe": 0.005129991463042479,
              "p75": 0.18402599999899394,
              "p99": 1.1425799999997253,
              "p995": 1.3689440000016475,
              "p999": 1.7133260000009614,
              "sampleCount": 2641,