{
  "files": [
    {
      "filepath": "test/stress.bench.ts",
      "groups": [
        {
          "fullName": "test/stress.bench.ts > Boot",
          "benchmarks": [
            {
              "id": "-71523718_0_0",
              "name": "Tractor.boot() — zero-latency adapters",
              "rank": 2,
              "rme": 2.7258864229768327,
              "samples": [],
              "totalTime": 500.1165000002147,
              "min": 0.24277599999913946,
              "max": 3.581747999996878,
              "hz": 2337.4553728971114,
              "period": 0.42781565440565844,
              "mean": 0.42781565440565844,
              "variance": 0.041383881849738055,
              "sd": 0.20343028744446598,
              "sem": 0.005949882060619046,
              "df": 1168,
              "critical": 1.96,
              "moe": 0.01166176883881333,
              "p75": 0.42759099999966566,
              "p99": 1.46792799999821,
              "p995": 1.6001340000002529,
              "p999": 2.4962030000024242,
              "sampleCount": 1169,
              "median": 0.37281500000244705
            },
            {
              "id": "-71523718_0_1",
              "name": "Tractor.boot() — 10ms schema latency",
              "rank": 3,
              "rme": 0.9784420834311217,
              "samples": [],
              "totalTime": 502.537590999993,
              "min": 9.565811999993457,
              "max": 11.734513999996125,
              "hz": 93.52534186840693,
              "period": 10.692289170212616,
              "mean": 10.692289170212616,
              "variance": 0.12684601372231422,
              "sd": 0.35615448013792306,
              "sem": 0.051950470217255205,
              "df": 46,
              "critical": 2.0138,
              "moe": 0.10461785692350853,
              "p75": 10.759031000001414,
              "p99": 11.734513999996125,
              "p995": 11.734513999996125,
              "p999": 11.734513999996125,
              "sampleCount": 47,
              "median": 10.659635000003618
            },
            {
              "id": "-71523718_0_2",
              "name": "Tractor.boot() — with sync adapter",
              "rank": 1,
              "rme": 3.1715419392516675,
              "samples": [],
              "totalTime": 500.2424080000492,
              "min": 0.20698999999876833,
              "max": 2.8173119999992196,
              "hz": 2370.850573708024,
              "period": 0.421789551433431,
              "mean": 0.421789551433431,
              "variance": 0.05524654179135484,
              "sd": 0.23504582912988445,
              "sem": 0.006825118632190178,
              "df": 1185,
              "critical": 1.96,
              "moe": 0.013377232519092747,
              "p75": 0.43177700000524055,
              "p99": 1.6635430000023916,
              "p995": 2.153940000003786,
              "p999": 2.7729879999969853,
              "sampleCount": 1186,
              "median": 0.3567480000019714
            }
          ]
        },
        {
          "fullName": "test/stress.bench.ts > Plugin Loading",
          "benchmarks": [
            {
              "id": "-71523718_1_0",
              "name": "Load 1 plugin",
              "rank": 1,
              "rme": 2.85506879745196,
              "samples": [],
              "totalTime": 500.122893999971,
              "min": 0.13098899999749847,
              "max": 4.350141000002623,
              "hz": 4824.8141185877,
              "period": 0.20726187070036095,
              "mean": 0.20726187070036095,
              "variance": 0.02199465539681208,
              "sd": 0.14830595199388352,
              "sem": 0.0030191168364189958,
              "df": 2412,
              "critical": 1.96,
              "moe": 0.005917468999381232,
              "p75": 0.20074300000123912,
              "p99": 1.0588189999980386,
              "p995": 1.2530289999995148,
              "p999": 1.7195659999997588,
              "sampleCount": 2413,
              "median": 0.1835030000002007
            },
            {
              "id": "-71523718_1_1",
              "name": "Load 10 plugins sequentially",
              "rank": 2,
              "rme": 2.988810572616298,
              "samples": [],
              "totalTime": 501.1459369999575,
              "min": 1.417100999999093,
              "max": 5.310612999994191,
              "hz": 508.83381700452986,
              "period": 1.9652781843135587,
              "mean": 1.9652781843135587,
              "variance": 0.22901972345003357,
              "sd": 0.47856005208336555,
              "sem": 0.029968592935757783,
              "df": 254,
              "critical": 1.96,
              "moe": 0.05873844215408525,
              "p75": 2.0708819999999832,
              "p99": 3.4286970000030124,
              "p995": 4.801680000004126,
              "p999": 5.310612999994191,
              "sampleCount": 255,
              "median": 1.8162069999962114
            },
            {
              "id": "-71523718_1_2",
              "name": "Load 50 plugins concurrently",
              "rank": 3,
              "rme": 3.1620319329360784,
              "samples": [],
              "totalTime": 503.56093999999575,
              "min": 5.621011000002909,
              "max": 11.776942000004055,
              "hz": 139.00998754986952,
              "period": 7.193727714285654,
              "mean": 7.193727714285654,
              "variance": 0.9095677844720887,
              "sd": 0.9537126320187275,
              "sem": 0.11399046228723879,
              "df": 69,
              "critical": 1.9955,
              "moe": 0.22746796749418502,
              "p75": 7.6904429999995045,
              "p99": 11.776942000004055,
              "p995": 11.776942000004055,
              "p999": 11.776942000004055,
              "sampleCount": 70,
              "median": 7.044299499997578
            },
            {
              "id": "-71523718_1_3",
              "name": "Load 100 plugins concurrently",
              "rank": 4,
              "rme": 2.6582475991074292,
              "samples": [],
              "totalTime": 509.9230679999746,
              "min": 12.932446999999229,
              "max": 17.403677000002062,
              "hz": 68.63780479137246,
              "period": 14.569230514284989,
              "mean": 14.569230514284989,
              "variance": 1.2694075237896774,
              "sd": 1.1266798674821865,
              "sem": 0.19044365674390623,
              "df": 34,
              "critical": 2.0336,
              "moe": 0.3872862203544077,
              "p75": 14.924177999993844,
              "p99": 17.403677000002062,
              "p995": 17.403677000002062,
              "p999": 17.403677000002062,
              "sampleCount": 35,
              "median": 14.442240999997011
            }
          ]
        },
        {
          "fullName": "test/stress.bench.ts > Storage Throughput",
          "benchmarks": [
            {
              "id": "-71523718_2_0",
              "name": "storeNode() x1",
              "rank": 1,
              "rme": 2.879401173757641,
              "samples": [],
              "totalTime": 500.1678110000794,
              "min": 0.21189200000662822,
              "max": 2.8501109999997425,
              "hz": 2505.1592134540647,
              "period": 0.3991762258580043,
              "mean": 0.3991762258580043,
              "variance": 0.04308961545468248,
              "sd": 0.20758038311623397,
              "sem": 0.005864227006488177,
              "df": 1252,
              "critical": 1.96,
              "moe": 0.011493884932716827,
              "p75": 0.39362599999731174,
              "p99": 1.6888220000037109,
              "p995": 1.8099609999990207,
              "p999": 1.9901759999993374,
              "sampleCount": 1253,
              "median": 0.34992800000327406
            },
            {
              "id": "-71523718_2_1",