{
  "files": [
    {
      "filepath": "test/stress.bench.ts",
      "groups": [
        {
          "fullName": "test/stress.bench.ts > Boot",
          "benchmarks": [
            {
              "id": "-71523718_0_0",
              "name": "Tractor.boot() — zero-latency adapters",
              "rank": 1,
              "rme": 1.5655748577865156,
              "samples": [],
              "totalTime": 500.00053600005776,
              "min": 0.002132999999957974,
              "max": 0.8683059999998477,
              "hz": 228371.7551854521,
              "period": 0.004378825215000593,
              "mean": 0.004378825215000593,
              "variance": 0.00013968945206609847,
              "sd": 0.011819029235351712,
              "sem": 0.00003497642175125797,
              "df": 114185,
              "critical": 1.96,
              "moe": 0.00006855378663246562,
              "p75": 0.00403199999982462,
              "p99": 0.01574799999980314,
              "p995": 0.02128599999969083,
              "p999": 0.20738100000016857,
              "sampleCount": 114186,
              "median": 0.003416999999899417
            },
            {
              "id": "-71523718_0_1",
              "name": "Tractor.boot() — 10ms schema latency",
              "rank": 3,
              "rme": 0.41880995084895134,
              "samples": [],
              "totalTime": 506.3776120000066,
              "min": 9.362473999999565,
              "max": 10.493855000000622,
              "hz": 96.76573142021012,
              "period": 10.33423697959197,
              "mean": 10.33423697959197,
              "variance": 0.022687675659341735,
              "sd": 0.15062428641936113,
              "sem": 0.021517755202765877,
              "df": 48,
              "critical": 2.0114,
              "moe": 0.043280812814843285,
              "p75": 10.393356999999924,
              "p99": 10.493855000000622,
              "p995": 10.493855000000622,
              "p999": 10.493855000000622,
              "sampleCount": 49,
              "median": 10.345962999999756
            },
            {
              "id": "-71523718_0_2",
              "name": "Tractor.boot() — with sync adapter",
              "rank": 2,
              "rme": 1.5257354283806652,
              "samples": [],
              "totalTime": 500.00083399993673,
              "min": 0.0024329999996552942,
              "max": 0.8669669999999314,
              "hz": 221691.63021838886,
              "period": 0.004510770203705472,
              "mean": 0.004510770203705472,
              "variance": 0.00013666828693988518,
              "sd": 0.011690521243293011,
              "sem": 0.00003511347912794545,
              "df": 110845,
              "critical": 1.96,
              "moe": 0.00006882241909077308,
              "p75": 0.004178000000138127,
              "p99": 0.019065999999838823,
              "p995": 0.027965000000222062,
              "p999": 0.18811599999935424,
              "sampleCount": 110846,
              "median": 0.0034279999999853317
            }
          ]
        },
        {
          "fullName": "test/stress.bench.ts > Plugin Loading",
          "benchmarks": [
            {
              "id": "-71523718_1_0",
              "name": "Load 1 plugin",
              "rank": 1,
              "rme": 0,
              "samples": []
            },
            {
              "id": "-71523718_1_1",
              "name": "Load 10 plugins sequentially",
              "rank": 2,
              "rme": 0,
              "samples": []
            },
            {
              "id": "-71523718_1_2",
              "name": "Load 50 plugins concurrently",
              "rank": 3,
              "rme": 0,
              "samples": []
            },
            {
              "id": "-71523718_1_3",
              "name": "Load 100 plugins concurrently",
              "rank": 4,
              "rme": 0,
              "samples": []
            }
          ]
        },
        {
          "fullName": "test/stress.bench.ts > Storage Throughput",
          "benchmarks": [
            {
              "id": "-71523718_2_0",
              "name": "storeNode() x1",
              "rank": 1,
              "rme": 4.492484949331761,
              "samples": [],
              "totalTime": 500.0220020001789,
              "min": 0.005731000000196218,
              "max": 3.3779259999992064,
              "hz": 78494.545925973,
              "period": 0.012739738643027309,
              "mean": 0.012739738643027309,
              "variance": 0.003346653519788515,
              "sd": 0.057850268104724586,
              "sem": 0.0002920055311847981,
              "df": 39248,
              "critical": 1.96,
              "moe": 0.0005723308411222042,
              "p75": 0.011244000000260712,
              "p99": 0.047884999999951106,
              "p995": 0.07790300000033312,
              "p999": 1.0622149999999237,
              "sampleCount": 39249,
              "median": 0.008429999999862048
            },
            {
              "id": "-71523718_2_1",
              "name": "storeNode() x100 sequential",
              "rank": 3,
              "rme": 6.027831637475194,
              "samples": [],
              "totalTime": 500.1845119999998,
              "min": 0.3465310000001409,
              "max": 6.306228000000374,
              "hz": 1725.3632995337537,
              "period": 0.5795880787949013,
              "mean": 0.5795880787949013,
              "variance": 0.27419514988256455,
              "sd": 0.5236364672963147,
              "sem": 0.01782479264318047,
              "df": 862,
              "critical": 1.96,
              "moe": 0.03493659358063372,
              "p75": 0.5489010000001144,
              "p99": 3.620835000000625,
              "p995": 4.18167799999992,
              "p999": 6.306228000000374,
              "sampleCount": 863,
              "median": 0.4662790000002133
            },
            {
              "id": "-71523718_2_2",
              "name": "storeNode() x100 concurrent",
              "rank": 2,
              "rme": 4.084877002587509,
              "samples": [],
              "totalTime": 500.2517539999917,
              "min": 0.33535399999982474,
              "max": 3.7799729999997,
              "hz": 1979.0035558776199,
              "period": 0.5053048020201937,
              "mean": 0.5053048020201937,
              "variance": 0.10979634200718442,
              "sd": 0.3313553108178356,
              "sem": 0.010531163087088385,
              "df": 989,
              "critical": 1.96,
              "moe": 0.020641079650693235,
              "p75": 0.4877390000001469,
              "p99": 2.363217000000077,
              "p995": 2.697888000000603,
              "p999": 3.7799729999997,
              "sampleCount": 990,
              "median": 0.43655949999993027
            }
          ]
        },
        {
          "fullName": "test/stress.bench.ts > Normaliser",
          "benchmarks": [
            {
              "id": "-71523718_3_0",
              "name": "normaliseToSovereignGraph() x1",
              "rank": 1,
              "rme": 0.5459947482653826,
              "samples": [],
              "totalTime": 500.0008970000863,
              "min": 0.0008760000000620494,
              "max": 0.6794989999998506,
              "hz": 797674.5689716856,
              "period": 0.0012536440785483988,
              "mean": 0.0012536440785483988,
              "variance": 0.000004864182099908583,
              "sd": 0.0022054890840601735,
              "sem": 0.0000034922606279664316,
              "df": 398837,
              "critical": 1.96,
              "moe": 0.000006844830830814206,
              "p75": 0.0011610000001383014,
              "p99": 0.005024000000048545,
              "p995": 0.006919000000380038,
              "p999": 0.0199640000000727,
              "sampleCount": 398838,